﻿<?xml version="1.0" encoding="utf-8"?>
<ImportExportXml xmlns:xsi="http://www.w3.org/2001/XMLSchema-instance">
  <Entities />
  <Roles />
  <Workflows />
  <FieldSecurityProfiles />
  <Templates />
  <EntityMaps />
  <EntityRelationships />
  <OrganizationSettings />
  <optionsets />
  <CustomControls>
    <CustomControl>
      <Name>mctools_MscrmTools.ActionButton</Name>
      <FileName>/Controls/mctools_MscrmTools.ActionButton/ControlManifest.xml</FileName>
    </CustomControl>
    <CustomControl>
      <Name>mctools_MscrmTools.CustomSwitch</Name>
      <FileName>/Controls/mctools_MscrmTools.CustomSwitch/ControlManifest.xml</FileName>
    </CustomControl>
    <CustomControl>
      <Name>mctools_MscrmTools.DateAsCheckbox</Name>
      <FileName>/Controls/mctools_MscrmTools.DateAsCheckbox/ControlManifest.xml</FileName>
    </CustomControl>
    <CustomControl>
      <Name>mctools_MscrmTools.LinearSliderWithSteps</Name>
      <FileName>/Controls/mctools_MscrmTools.LinearSliderWithSteps/ControlManifest.xml</FileName>
    </CustomControl>
    <CustomControl>
      <Name>mctools_MscrmTools.LookupToPicklist</Name>
      <FileName>/Controls/mctools_MscrmTools.LookupToPicklist/ControlManifest.xml</FileName>
    </CustomControl>
    <CustomControl>
      <Name>mctools_MscrmTools.NNCheckboxes</Name>
      <FileName>/Controls/mctools_MscrmTools.NNCheckboxes/ControlManifest.xml</FileName>
    </CustomControl>
    <CustomControl>
      <Name>mctools_MscrmTools.SimpleNotification</Name>
      <FileName>/Controls/mctools_MscrmTools.SimpleNotification/ControlManifest.xml</FileName>
    </CustomControl>
    <CustomControl>
      <Name>mctools_MscrmTools.YearDropdown</Name>
      <FileName>/Controls/mctools_MscrmTools.YearDropdown/ControlManifest.xml</FileName>
    </CustomControl>
  </CustomControls>
  <EntityDataProviders />
  <Languages>
    <Language>1033</Language>
  </Languages>
</ImportExportXml>